text,intent,rank_score
buy affordable running shoes online,transactional,5
what are the best running shoes for flat feet,informational,12
best seo strategies for small businesses,informational,8
contact page template for local bakery,navigational,30
hire seo expert for my startup,transactional,4
how to start a successful ecommerce business,informational,7
premium wordpress themes for bloggers,transactional,3
about us page examples for service companies,navigational,25
digital marketing services for small businesses,transactional,6
what is content marketing and why it matters,informational,9
find local seo consultant near me,transactional,5
privacy policy generator for websites,navigational,28
social media marketing strategies for 2024,informational,11
buy domain name and hosting package,transactional,2
terms and conditions template for online store,navigational,32
how to create effective email campaigns,informational,10
best practices for mobile app development,informational,13
affordable web design services,transactional,7
career opportunities at tech company,navigational,22
what is artificial intelligence and machine learning,informational,15
buy cryptocurrency bitcoin ethereum,transactional,4
customer support contact information,navigational,26
how to optimize website for search engines,informational,8
premium seo tools for agencies,transactional,3
company history and mission statement,navigational,29
cloud computing services for enterprises,transactional,6
what is blockchain technology explained,informational,14
find software development company,transactional,5
faq frequently asked questions,navigational,31
content writing services for blogs,transactional,7
how to use google analytics effectively,informational,9
buy facebook instagram ads management,transactional,4
team members and leadership,navigational,24
cybersecurity best practices for businesses,informational,12
ecommerce website development services,transactional,5
product catalog and categories,navigational,27
what is iot internet of things,informational,16
hire remote developers for project,transactional,3
testimonials and client reviews,navigational,23
seo audit services for website,transactional,6
how to create engaging social media content,informational,10
buy email marketing software,transactional,4
press releases and media coverage,navigational,25
data analytics consulting services,transactional,7
what is virtual reality and applications,informational,17
find digital marketing agency,transactional,5
return policy and refund information,navigational,30
web hosting comparison 2024,informational,11
buy logo design services,transactional,3
career development programs,navigational,22
cloud storage solutions for businesses,transactional,6
how to implement chatbot for website,informational,13
buy ppc management services,transactional,4
investor relations information,navigational,28
ui ux design services,transactional,7
what is 5g technology and benefits,informational,18
find content writing agency,transactional,5
shipping and delivery information,navigational,29
video marketing strategies for brands,informational,12
buy wordpress plugin development,transactional,3
corporate social responsibility,navigational,24
it support and managed services,transactional,6
how to build personal brand online,informational,14
buy linkedin marketing services,transactional,4
partnership opportunities,navigational,27
mobile app marketing strategies,informational,15
buy graphic design services,transactional,5
event calendar and schedule,navigational,31
seo consulting for small businesses,transactional,7
what is augmented reality technology,informational,19
find web development company,transactional,6
careers and job openings,navigational,26
influencer marketing guide 2024,informational,16
buy video production services,transactional,4
company blog and articles,navigational,28
data science consulting services,transactional,8
how to create successful youtube channel,informational,17
buy social media management tools,transactional,5
contact sales department,navigational,30
email marketing best practices,informational,18
buy custom software development,transactional,6
about our products features,navigational,25
cloud migration services,transactional,7
what is quantum computing explained,informational,20
find seo specialist freelancer,transactional,5
customer success stories,navigational,27
content marketing strategies 2024,informational,19
buy brand identity design,transactional,4
news and updates section,navigational,29
devops consulting services,transactional,8
how to optimize conversion rates,informational,21
buy google ads management,transactional,6
meet our team members,navigational,24
ai and machine learning services,transactional,9
what is metaverse and future,informational,22
find digital transformation consultant,transactional,7
resources and whitepapers,navigational,28
voice search optimization techniques,informational,23
buy mobile app development,transactional,8
community and forum section,navigational,26
big data analytics solutions,transactional,10
how to create effective landing pages,informational,24
buy content management system,transactional,9
awards and recognition,navigational,27
iot development services,transactional,11
what is nft non fungible token,informational,25
find cloud computing expert,transactional,10
case studies portfolio,navigational,29
local seo strategies for businesses,informational,26
buy erp software solutions,transactional,12
company culture values,navigational,24
blockchain development services,transactional,13
how to protect website from hackers,informational,27
buy crm customer relationship management,transactional,14
sitemap and navigation,navigational,30